<PAMDataset>
  <PAMRasterBand band="1">
    <Metadata>
      <MDI key="STATISTICS_APPROXIMATE">YES</MDI>
      <MDI key="STATISTICS_MAXIMUM">161</MDI>
      <MDI key="STATISTICS_MEAN">123.94441816817</MDI>
      <MDI key="STATISTICS_MINIMUM">69</MDI>
      <MDI key="STATISTICS_STDDEV">7.9143574946968</MDI>
      <MDI key="STATISTICS_VALID_PERCENT">100</MDI>
    </Metadata>
  </PAMRasterBand>
  <PAMRasterBand band="2">
    <Metadata>
      <MDI key="STATISTICS_APPROXIMATE">YES</MDI>
      <MDI key="STATISTICS_MAXIMUM">201</MDI>
      <MDI key="STATISTICS_MEAN">175.87841216216</MDI>
      <MDI key="STATISTICS_MINIMUM">98</MDI>
      <MDI key="STATISTICS_STDDEV">9.2411799483686</MDI>
      <MDI key="STATISTICS_VALID_PERCENT">100</MDI>
    </Metadata>
  </PAMRasterBand>
  <PAMRasterBand band="3">
    <Metadata>
      <MDI key="STATISTICS_APPROXIMATE">YES</MDI>
      <MDI key="STATISTICS_MAXIMUM">230</MDI>
      <MDI key="STATISTICS_MEAN">211.27296546547</MDI>
      <MDI key="STATISTICS_MINIMUM">119</MDI>
      <MDI key="STATISTICS_STDDEV">9.2172734577424</MDI>
      <MDI key="STATISTICS_VALID_PERCENT">100</MDI>
    </Metadata>
  </PAMRasterBand>
</PAMDataset>
